CPF;EMAIL;SENHA
24061148052;noah90@bol.com.br;B12alpha1@
65762196011;ipinto@gmail.com;B12alpha1@
82209477050;rvieira@bol.com.br;B12alpha1@
42741051054;maria35@hotmail.com;B12alpha1@
41366042034;jsilva@ig.com.br;B12alpha1@
22854630068;lavinia51@hotmail.com;B12alpha1@
93243871034;gazevedo@hotmail.com;B12alpha1@
74062642085;noahda-rosa@hotmail.com;B12alpha1@
88681586041;da-rochamaria@uol.com.br;B12alpha1@
78401643074;andre98@gmail.com;B12alpha1@
34218068020;danilocarvalho@uol.com.br;B12alpha1@
76640353091;fernandeslevi@yahoo.com.br;B12alpha1@
51585226009;luizanunes@bol.com.br;B12alpha1@
19559426095;natalia19@yahoo.com.br;B12alpha1@
59216916079;vicentemoura@bol.com.br;B12alpha1@
45390442067;kamilly10@ig.com.br;B12alpha1@
35763813090;fariasdiego@hotmail.com;B12alpha1@
73837332071;amanda56@yahoo.com.br;B12alpha1@
20700326049;nfreitas@gmail.com;B12alpha1@
61730857043;carlos-eduardoferreira@yahoo.com.br;B12alpha1@
50141003090;castrofernanda@ig.com.br;B12alpha1@
87490499097;da-cruzluiz-henrique@uol.com.br;B12alpha1@
98684904052;qda-rosa@uol.com.br;B12alpha1@
88479049006;santosana-julia@bol.com.br;B12alpha1@
63841123023;ana-luiza85@uol.com.br;B12alpha1@
97820948035;costelacaio@bol.com.br;B12alpha1@
50510628060;caldeiradavi@yahoo.com.br;B12alpha1@
66322783025;nataliaporto@gmail.com;B12alpha1@
23307062000;luiz-fernando15@hotmail.com;B12alpha1@
18020681043;salesisadora@uol.com.br;B12alpha1@
42413486020;danielnunes@ig.com.br;B12alpha1@
33660173096;gabrielacunha@hotmail.com;B12alpha1@
98721020078;helenamoraes@bol.com.br;B12alpha1@
96012442041;sophiefernandes@ig.com.br;B12alpha1@
96012442041;sophiefernandes@ig.com.br;B12alpha1@
55705369069;xmendes@bol.com.br;B12alpha1@
33045044000;lavinia26@gmail.com;B12alpha1@
33045044000;lavinia26@gmail.com;B12alpha1@
69349606020;fogacamaria-cecilia@yahoo.com.br;B12alpha1@
69349606020;fogacamaria-cecilia@yahoo.com.br;B12alpha1@
36793142054;arthur36@bol.com.br;B12alpha1@
36867111092;lorenzovieira@gmail.com;B12alpha1@
94467866060;luiz-gustavo89@uol.com.br;B12alpha1@
62473737088;da-pazluiza@hotmail.com;B12alpha1@
92101688018;lucas-gabriel18@yahoo.com.br;B12alpha1@
26637069060;catarina37@gmail.com;B12alpha1@
36176940044;galmeida@bol.com.br;B12alpha1@
97385965059;rochaalexia@bol.com.br;B12alpha1@
18996388068;felipe84@yahoo.com.br;B12alpha1@
80400925079;lrodrigues@hotmail.com;B12alpha1@
78450994063;sarah91@bol.com.br;B12alpha1@
90577711016;monteiroryan@gmail.com;B12alpha1@
23580259091;maria-luiza49@uol.com.br;B12alpha1@
63427289095;marina27@hotmail.com;B12alpha1@
20838078044;aviana@bol.com.br;B12alpha1@
62329444028;sgoncalves@bol.com.br;B12alpha1@
80832428027;costagustavo-henrique@hotmail.com;B12alpha1@
89081577000;ianribeiro@yahoo.com.br;B12alpha1@
45318579094;anthony74@bol.com.br;B12alpha1@
20106076000;diegocardoso@hotmail.com;B12alpha1@
79031929069;jribeiro@bol.com.br;B12alpha1@
54989375041;nathan91@uol.com.br;B12alpha1@
88559176098;beatriz63@bol.com.br;B12alpha1@
48877853050;omoraes@gmail.com;B12alpha1@
90035247002;gda-mota@yahoo.com.br;B12alpha1@
30975286013;gustavo44@gmail.com;B12alpha1@
61564621049;nmartins@yahoo.com.br;B12alpha1@
58814365040;calebe17@hotmail.com;B12alpha1@
89774567030;guilherme66@hotmail.com;B12alpha1@
10197697003;hsouza@bol.com.br;B12alpha1@
69773415058;zduarte@hotmail.com;B12alpha1@
39260124042;bryanda-costa@hotmail.com;B12alpha1@
48223095092;maria-cecilia69@bol.com.br;B12alpha1@
18046817090;limalorenzo@uol.com.br;B12alpha1@
16117404018;joao-guilhermesantos@yahoo.com.br;B12alpha1@
58714253054;salesluiz-otavio@bol.com.br;B12alpha1@
67191802073;fariascatarina@ig.com.br;B12alpha1@
37506724073;stephanysilva@yahoo.com.br;B12alpha1@
31597553042;liviamonteiro@hotmail.com;B12alpha1@
62564394060;nogueiravicente@hotmail.com;B12alpha1@
89314899004;ilima@bol.com.br;B12alpha1@
88286994000;barrosarthur@uol.com.br;B12alpha1@
17696258010;toliveira@uol.com.br;B12alpha1@
51920849033;ana-julia75@hotmail.com;B12alpha1@
16740086001;mendesjulia@uol.com.br;B12alpha1@
10811525082;marcelacorreia@yahoo.com.br;B12alpha1@
56427622064;moraesmaite@bol.com.br;B12alpha1@
96461719075;heitor71@gmail.com;B12alpha1@
08849094094;pedro11@hotmail.com;B12alpha1@
63323442024;rodriguesnicole@hotmail.com;B12alpha1@
01866767003;gabriellyaragao@gmail.com;B12alpha1@
52746700085;eporto@uol.com.br;B12alpha1@
62801935000;rafaela62@yahoo.com.br;B12alpha1@
95632115020;alicia19@bol.com.br;B12alpha1@
57348167012;ferreiraana-sophia@ig.com.br;B12alpha1@
52951949065;unascimento@ig.com.br;B12alpha1@
98824502024;oda-rocha@bol.com.br;B12alpha1@
11485484081;laissilva@gmail.com;B12alpha1@
18480960035;goncalvesnina@bol.com.br;B12alpha1@
98984934020;ecorreia@ig.com.br;B12alpha1@
17009609039;novaeslavinia@hotmail.com;B12alpha1@
13251185080;wpires@ig.com.br;B12alpha1@
63908340047;kaique84@yahoo.com.br;B12alpha1@
49464137070;mirellaramos@uol.com.br;B12alpha1@
25912927016;alvespietro@uol.com.br;B12alpha1@
15755833052;ofogaca@bol.com.br;B12alpha1@
98352059068;francisco59@hotmail.com;B12alpha1@
97207212003;marcos-vinicius10@yahoo.com.br;B12alpha1@
84162367043;silveirasabrina@yahoo.com.br;B12alpha1@
81042969060;usilveira@hotmail.com;B12alpha1@
76849304003;erickcunha@bol.com.br;B12alpha1@
58828829079;luiz-fernando49@gmail.com;B12alpha1@
52433881064;ramosana-luiza@yahoo.com.br;B12alpha1@
51847830080;duartelevi@bol.com.br;B12alpha1@
74920873069;luanamonteiro@hotmail.com;B12alpha1@
92146849010;moraeslucas@yahoo.com.br;B12alpha1@
08209801023;gabrielalmeida@gmail.com;B12alpha1@
20538718064;joao-felipeda-rosa@gmail.com;B12alpha1@
95734225061;pintoisabelly@uol.com.br;B12alpha1@
82317703058;isabella92@yahoo.com.br;B12alpha1@
56082857003;mirellaferreira@gmail.com;B12alpha1@
59841987031;fogacajoao-gabriel@gmail.com;B12alpha1@
69669990084;gabriela44@uol.com.br;B12alpha1@
69657988071;dmartins@uol.com.br;B12alpha1@
03379346063;mmoura@gmail.com;B12alpha1@
76660197001;da-conceicaoeduarda@yahoo.com.br;B12alpha1@
70950740039;yagoaraujo@bol.com.br;B12alpha1@
03567464027;mgoncalves@gmail.com;B12alpha1@
98425545030;melissacorreia@ig.com.br;B12alpha1@
50075421054;portopedro-miguel@uol.com.br;B12alpha1@
16436357009;melocarlos-eduardo@bol.com.br;B12alpha1@
03339869030;barrosgabriel@gmail.com;B12alpha1@
92250778078;leticiamoura@hotmail.com;B12alpha1@
30908903057;fernandesmatheus@yahoo.com.br;B12alpha1@
78497614054;klima@hotmail.com;B12alpha1@
33175224024;cardosomirella@yahoo.com.br;B12alpha1@
32542275068;costelapedro-lucas@uol.com.br;B12alpha1@
66114288017;gmoreira@ig.com.br;B12alpha1@
07879816054;cunhathales@yahoo.com.br;B12alpha1@
60315383003;ateixeira@bol.com.br;B12alpha1@
95779134073;barbosafernanda@gmail.com;B12alpha1@
44586048050;nogueirakamilly@ig.com.br;B12alpha1@
54786288080;pferreira@yahoo.com.br;B12alpha1@
74024541005;ocorreia@bol.com.br;B12alpha1@
66797930090;da-conceicaogabrielly@gmail.com;B12alpha1@
42496281080;brenomonteiro@hotmail.com;B12alpha1@
64955951074;luiz-gustavo32@yahoo.com.br;B12alpha1@
61390698076;larissa09@uol.com.br;B12alpha1@
42117165060;kaique93@hotmail.com;B12alpha1@
62801264040;ana-laura05@uol.com.br;B12alpha1@
06095604095;alveslucca@gmail.com;B12alpha1@
83275720082;afernandes@gmail.com;B12alpha1@
04828636099;monteirojoao-miguel@uol.com.br;B12alpha1@
65723409026;teixeiraalexia@ig.com.br;B12alpha1@
70324318014;benjamin91@bol.com.br;B12alpha1@
77053859029;sda-mota@hotmail.com;B12alpha1@
70036867080;zalves@gmail.com;B12alpha1@
27433591028;clima@yahoo.com.br;B12alpha1@
91497276055;guilherme02@uol.com.br;B12alpha1@
72934423000;laura12@uol.com.br;B12alpha1@
60345338057;giovannamelo@ig.com.br;B12alpha1@
90237981041;mbarros@hotmail.com;B12alpha1@
48073606046;nsales@yahoo.com.br;B12alpha1@
06575434037;pda-cruz@yahoo.com.br;B12alpha1@
20344274080;ebarros@bol.com.br;B12alpha1@
57054588002;psouza@bol.com.br;B12alpha1@
33517543020;mpereira@ig.com.br;B12alpha1@
81454559012;laura52@bol.com.br;B12alpha1@
55752013097;emanuellyda-rocha@ig.com.br;B12alpha1@
19555215065;juliajesus@yahoo.com.br;B12alpha1@
75461159060;wgoncalves@bol.com.br;B12alpha1@
28410812061;esther22@ig.com.br;B12alpha1@
85092834005;catarina97@bol.com.br;B12alpha1@
02955705047;moreiragustavo@hotmail.com;B12alpha1@
24247588087;miguelsales@ig.com.br;B12alpha1@
40341905070;carlos-eduardosouza@gmail.com;B12alpha1@
48263698081;bda-rosa@gmail.com;B12alpha1@
45286965091;biancanogueira@yahoo.com.br;B12alpha1@
09389260043;beatriz90@bol.com.br;B12alpha1@
52020196026;samuel67@yahoo.com.br;B12alpha1@
77873070050;ryan84@uol.com.br;B12alpha1@
18986948001;carolinacostela@uol.com.br;B12alpha1@
34475742080;vitor-hugomartins@ig.com.br;B12alpha1@
90728960095;melissa82@yahoo.com.br;B12alpha1@
75636213000;da-matakevin@gmail.com;B12alpha1@
48575235079;rbarbosa@gmail.com;B12alpha1@
53127321090;snascimento@hotmail.com;B12alpha1@
09640642002;paulomoreira@gmail.com;B12alpha1@
17711186010;silveirafernando@uol.com.br;B12alpha1@
27042202040;mariada-paz@gmail.com;B12alpha1@
76527766009;raquel74@yahoo.com.br;B12alpha1@
42765958009;giovannaalmeida@yahoo.com.br;B12alpha1@
98894649008;leandro45@ig.com.br;B12alpha1@
88061164019;vitor-gabriel23@uol.com.br;B12alpha1@
14396594003;calebe38@ig.com.br;B12alpha1@
05419123053;nataliasilva@hotmail.com;B12alpha1@
53960660081;acunha@ig.com.br;B12alpha1@
50670663000;wfreitas@gmail.com;B12alpha1@
35885860084;pireseduarda@gmail.com;B12alpha1@
51363057030;da-cruzleonardo@bol.com.br;B12alpha1@
65744761004;nicolecardoso@bol.com.br;B12alpha1@
43854383070;samuel19@ig.com.br;B12alpha1@
62178583040;luana17@uol.com.br;B12alpha1@
73075642037;zlima@gmail.com;B12alpha1@
77955821092;vianaluna@uol.com.br;B12alpha1@
20395958059;paulo09@gmail.com;B12alpha1@
75742828039;vinicius48@ig.com.br;B12alpha1@
88846028074;davi-lucca54@ig.com.br;B12alpha1@
59439458062;lavinia73@uol.com.br;B12alpha1@
02766858067;novaesmurilo@yahoo.com.br;B12alpha1@
34099784029;alexiacampos@gmail.com;B12alpha1@
08832965003;ana-liviada-mota@ig.com.br;B12alpha1@
76372123002;aaragao@uol.com.br;B12alpha1@
25987190002;upeixoto@gmail.com;B12alpha1@
96365176066;da-costagustavo-henrique@gmail.com;B12alpha1@
29205411027;araujovitor-gabriel@bol.com.br;B12alpha1@
02866944097;juliasouza@bol.com.br;B12alpha1@
54159848010;icardoso@gmail.com;B12alpha1@
74088891082;ppeixoto@yahoo.com.br;B12alpha1@
96595841053;fda-mota@hotmail.com;B12alpha1@
91214604005;dnogueira@uol.com.br;B12alpha1@
84788680033;mpeixoto@ig.com.br;B12alpha1@
48071508047;nda-paz@bol.com.br;B12alpha1@
45405113000;davi-luiznunes@uol.com.br;B12alpha1@
40184398061;peixotomarcelo@bol.com.br;B12alpha1@
63202336053;camila36@uol.com.br;B12alpha1@
13089040026;luanacostela@ig.com.br;B12alpha1@
72334187054;ibarbosa@yahoo.com.br;B12alpha1@
31322408009;costelacarolina@gmail.com;B12alpha1@
32127519086;paulo03@bol.com.br;B12alpha1@
86251177080;brunapeixoto@gmail.com;B12alpha1@
95275718047;pedro33@hotmail.com;B12alpha1@
78692979090;nogueirapietra@uol.com.br;B12alpha1@
53733103017;hcosta@yahoo.com.br;B12alpha1@
68687050003;da-costadanilo@hotmail.com;B12alpha1@
67945577032;xcostela@uol.com.br;B12alpha1@
44460644010;noahfarias@yahoo.com.br;B12alpha1@
52379646058;pvieira@yahoo.com.br;B12alpha1@
00013992090;isis21@gmail.com;B12alpha1@
16077267007;natalia82@ig.com.br;B12alpha1@
65017622004;maria-ceciliafreitas@hotmail.com;B12alpha1@
08234787004;joao63@hotmail.com;B12alpha1@
21656920085;goncalvesvitor-gabriel@gmail.com;B12alpha1@
95168780083;brenoda-mata@ig.com.br;B12alpha1@
92412463085;maite10@ig.com.br;B12alpha1@
45620249093;isabelcavalcanti@gmail.com;B12alpha1@
76296646054;da-cruzpietra@hotmail.com;B12alpha1@
22914084021;calebelopes@uol.com.br;B12alpha1@
17229165083;souzarebeca@bol.com.br;B12alpha1@
04271777072;mda-paz@uol.com.br;B12alpha1@
27860184044;hcardoso@hotmail.com;B12alpha1@
59233946002;joana42@uol.com.br;B12alpha1@
58817831077;levi52@gmail.com;B12alpha1@
11894821009;nina72@bol.com.br;B12alpha1@
91662362072;correiavicente@gmail.com;B12alpha1@
41872582052;milena37@bol.com.br;B12alpha1@
96668137008;pedro57@yahoo.com.br;B12alpha1@
89905648089;almeidaclarice@yahoo.com.br;B12alpha1@
48617306009;luiza21@hotmail.com;B12alpha1@
73116542031;brendaviana@gmail.com;B12alpha1@
04282395010;sarahazevedo@ig.com.br;B12alpha1@
57959376069;lmoreira@yahoo.com.br;B12alpha1@
88732661002;ebarros@ig.com.br;B12alpha1@
65232608010;augusto13@uol.com.br;B12alpha1@
84936372030;gomeslarissa@ig.com.br;B12alpha1@
36799760035;uaragao@gmail.com;B12alpha1@
16232255070;fariasjoana@ig.com.br;B12alpha1@
38117290049;cunhasophia@uol.com.br;B12alpha1@
26591403086;brenosouza@yahoo.com.br;B12alpha1@
42041150041;amanda67@hotmail.com;B12alpha1@
33749317070;maria-eduarda75@yahoo.com.br;B12alpha1@
95683675006;matheusgoncalves@gmail.com;B12alpha1@
87514335080;fogacalucas@hotmail.com;B12alpha1@
64449779088;luizamoraes@ig.com.br;B12alpha1@
82804340031;carvalhomurilo@hotmail.com;B12alpha1@
03791861018;sda-cunha@ig.com.br;B12alpha1@
87099179004;ccostela@yahoo.com.br;B12alpha1@
37431973080;hda-cunha@bol.com.br;B12alpha1@
14965668073;qsantos@yahoo.com.br;B12alpha1@
19828638037;davi-lucca51@uol.com.br;B12alpha1@
33475743035;peixotostephany@bol.com.br;B12alpha1@
07937840005;paulo45@ig.com.br;B12alpha1@
31912822032;novaesmaria-vitoria@bol.com.br;B12alpha1@
53546967046;brunarocha@bol.com.br;B12alpha1@
70014926040;heloisabarbosa@gmail.com;B12alpha1@
03368013009;alicia72@bol.com.br;B12alpha1@
73978789035;maria-aliceporto@bol.com.br;B12alpha1@
78696887034;clarice08@uol.com.br;B12alpha1@
36685280042;gomesluiza@bol.com.br;B12alpha1@
91618113003;arthurrezende@hotmail.com;B12alpha1@
28881657082;pda-mota@gmail.com;B12alpha1@
70264824083;nogueiracarolina@ig.com.br;B12alpha1@
83317799080;souzabreno@yahoo.com.br;B12alpha1@
05730546068;rlima@uol.com.br;B12alpha1@
38510768005;vsales@gmail.com;B12alpha1@
12239827009;lucca50@hotmail.com;B12alpha1@
48039114012;vieirajulia@ig.com.br;B12alpha1@
77898112075;ferreirafernando@hotmail.com;B12alpha1@
94261648040;ribeiromaite@uol.com.br;B12alpha1@
19876405004;raquel72@gmail.com;B12alpha1@
87933055087;dsilveira@ig.com.br;B12alpha1@
93457621080;portopietra@bol.com.br;B12alpha1@
03804211003;benicio91@uol.com.br;B12alpha1@
68637226078;lmendes@hotmail.com;B12alpha1@
99387463060;emanuellada-cruz@yahoo.com.br;B12alpha1@
49341562082;luiz-otavio48@hotmail.com;B12alpha1@
80757203000;ana-vitoria16@bol.com.br;B12alpha1@
77365416041;tramos@yahoo.com.br;B12alpha1@
92013280017;viniciusrodrigues@yahoo.com.br;B12alpha1@
61713033054;rebecacastro@yahoo.com.br;B12alpha1@
43091436012;brunaoliveira@gmail.com;B12alpha1@
75157846010;anthonymelo@ig.com.br;B12alpha1@
97522517060;eda-cunha@bol.com.br;B12alpha1@
80869168045;tmendes@yahoo.com.br;B12alpha1@
11253253056;lorena42@ig.com.br;B12alpha1@
83029159043;isaacdas-neves@yahoo.com.br;B12alpha1@
50356109003;yagonascimento@bol.com.br;B12alpha1@
79420433048;dmoura@yahoo.com.br;B12alpha1@
27062265012;obarros@bol.com.br;B12alpha1@
01886982058;portosarah@bol.com.br;B12alpha1@
73183867001;pedro47@bol.com.br;B12alpha1@
63438457040;wvieira@yahoo.com.br;B12alpha1@
12553796005;ada-luz@uol.com.br;B12alpha1@
40620914025;oliveirabeatriz@yahoo.com.br;B12alpha1@
35307642059;mcastro@yahoo.com.br;B12alpha1@
17121784076;bryanporto@gmail.com;B12alpha1@
62454179024;hsouza@hotmail.com;B12alpha1@
46813107003;ribeirojoao-lucas@uol.com.br;B12alpha1@
82244789047;ksilva@gmail.com;B12alpha1@
35035385000;leandro17@bol.com.br;B12alpha1@
13813158012;joaquimcostela@yahoo.com.br;B12alpha1@
47445359095;nascimentomaria-cecilia@bol.com.br;B12alpha1@
67044015042;isabelly26@uol.com.br;B12alpha1@
41857144082;mourayago@hotmail.com;B12alpha1@
98079412022;leonardogomes@hotmail.com;B12alpha1@
04045603000;emanuelly30@gmail.com;B12alpha1@
59246749081;rafaela33@uol.com.br;B12alpha1@
41629860026;zda-mota@ig.com.br;B12alpha1@
25706729042;luiz-migueldias@yahoo.com.br;B12alpha1@
46165882013;marianepinto@yahoo.com.br;B12alpha1@
17441916038;moreiraisaac@uol.com.br;B12alpha1@
21843830078;costelakaique@hotmail.com;B12alpha1@
83148698053;da-cunhastella@gmail.com;B12alpha1@
54443067000;andrelopes@ig.com.br;B12alpha1@
08115219070;jesuslucas-gabriel@gmail.com;B12alpha1@
41265541060;limaheloisa@uol.com.br;B12alpha1@
22592403051;catarinanovaes@hotmail.com;B12alpha1@
56089534013;gomesana-livia@ig.com.br;B12alpha1@
13048282041;monteiroamanda@hotmail.com;B12alpha1@
70481945024;melolaura@hotmail.com;B12alpha1@
01138026093;barbosadaniela@uol.com.br;B12alpha1@
68638640021;qda-mota@gmail.com;B12alpha1@
96420816017;da-luzjoao-miguel@gmail.com;B12alpha1@
17440097084;viniciuscardoso@bol.com.br;B12alpha1@
69858221002;rezendeemanuella@bol.com.br;B12alpha1@
52493038037;joao-pedro60@yahoo.com.br;B12alpha1@
54780805007;natalia33@hotmail.com;B12alpha1@
29703122043;maria-fernanda68@yahoo.com.br;B12alpha1@
10586016015;barbosaeloah@bol.com.br;B12alpha1@
10353545007;lunarezende@hotmail.com;B12alpha1@
78206146091;gfarias@yahoo.com.br;B12alpha1@
60120825090;felipecardoso@uol.com.br;B12alpha1@
79185107042;barbosastephany@uol.com.br;B12alpha1@
61341002004;anafernandes@hotmail.com;B12alpha1@
59417818066;rafael67@ig.com.br;B12alpha1@
24496298074;cunhacaua@bol.com.br;B12alpha1@
19786781007;olivia93@ig.com.br;B12alpha1@
96347713004;joao09@uol.com.br;B12alpha1@
84438938007;otaviopinto@bol.com.br;B12alpha1@
16674843032;goncalvescarolina@ig.com.br;B12alpha1@
99454475053;nda-rocha@ig.com.br;B12alpha1@
33676651006;ejesus@hotmail.com;B12alpha1@
79960613003;leonardo54@ig.com.br;B12alpha1@
74263055039;evelyncostela@hotmail.com;B12alpha1@
47902218065;da-motarafael@bol.com.br;B12alpha1@
55506144059;kamilly25@bol.com.br;B12alpha1@
53028738007;elima@hotmail.com;B12alpha1@
06384917033;alicia79@bol.com.br;B12alpha1@
59555866015;agathaaraujo@bol.com.br;B12alpha1@
23992752097;cunhagabrielly@bol.com.br;B12alpha1@
57246510095;bernardocastro@yahoo.com.br;B12alpha1@
91404317031;carolinemoraes@ig.com.br;B12alpha1@
91622572009;evelyn46@hotmail.com;B12alpha1@
83382895072;fogacavitor@yahoo.com.br;B12alpha1@
92724527089;jcastro@ig.com.br;B12alpha1@
63670504001;nogueiraluiz-felipe@yahoo.com.br;B12alpha1@
12774755042;tcosta@gmail.com;B12alpha1@
55482724034;luiz-fernandoda-paz@hotmail.com;B12alpha1@
98786625004;ian34@ig.com.br;B12alpha1@
70440500001;inunes@uol.com.br;B12alpha1@
20352610077;gda-costa@ig.com.br;B12alpha1@
07599360050;julianasantos@bol.com.br;B12alpha1@
17619898042;rafaela76@uol.com.br;B12alpha1@
06477264080;cardosothales@bol.com.br;B12alpha1@
03881624066;enzorezende@yahoo.com.br;B12alpha1@
61015980040;tbarbosa@hotmail.com;B12alpha1@
37760630093;qaraujo@bol.com.br;B12alpha1@
37094326009;pedro-miguelda-cunha@yahoo.com.br;B12alpha1@
59828787075;alicevieira@bol.com.br;B12alpha1@
65076121032;duartecamila@uol.com.br;B12alpha1@
35084853071;npeixoto@bol.com.br;B12alpha1@
24180831015;davi-lucca76@yahoo.com.br;B12alpha1@
23790124079;sbarros@ig.com.br;B12alpha1@
59500873052;pedro-lucasfogaca@bol.com.br;B12alpha1@
54321098084;luananunes@uol.com.br;B12alpha1@
39524722046;hviana@bol.com.br;B12alpha1@
29478366009;qda-costa@ig.com.br;B12alpha1@
94502128058;alicesantos@yahoo.com.br;B12alpha1@
23490108051;teixeirathales@gmail.com;B12alpha1@
94703247062;zalves@ig.com.br;B12alpha1@
32394919078;vfogaca@bol.com.br;B12alpha1@
18617638087;da-luzleandro@yahoo.com.br;B12alpha1@
